nome;email;telefone;endereco;facebook
Hugo;hbrosius0@fc2.com;3589383465;38 Columbus Pass;/vestibulum/ante.jpg
Fayina;fspurge1@joomla.org;2969206752;76 Golf Course Plaza;/justo/aliquam/quis/turpis/eget/elit/sodales.png
Timmie;tfrayling2@tinyurl.com;4787327899;94739 Corry Hill;/maecenas/tristique/est/et/tempus.aspx
Lenard;lcaudelier3@sitemeter.com;1733742223;7 Buena Vista Place;/accumsan.xml
Hughie;hcroom4@mlb.com;2613466018;1 Esker Parkway;/ante/ipsum/primis/in/faucibus/orci/luctus.js
Grazia;gweller5@indiatimes.com;6485263083;0300 Ilene Circle;/tempus/sit/amet/sem.aspx
Ester;ehazelden6@mac.com;8693784946;75 Swallow Plaza;/vestibulum/ante/ipsum.jpg
Alejandrina;awurz7@europa.eu;9356435180;434 Cottonwood Plaza;/aliquam/non/mauris.aspx
Ware;wbetho8@photobucket.com;8592038205;8864 Rigney Avenue;/sagittis/sapien/cum.png
Averyl;acaesman9@wired.com;1327068807;48 Shopko Circle;/magna/ac.xml
Georgy;gflasbya@naver.com;3801961982;1202 Oxford Junction;/pellentesque/ultrices/phasellus/id.xml
Adrian;amayhowb@scientificamerican.com;4644896485;94269 Aberg Lane;/morbi/sem/mauris.xml
Danni;dmcdillc@parallels.com;5699848660;400 Maryland Alley;/orci/luctus/et/ultrices/posuere/cubilia/curae.aspx
Rani;rfurphyd@tuttocitta.it;1202357384;9395 Monica Drive;/vel/dapibus/at/diam/nam/tristique/tortor.jsp
Francisco;fbinione@samsung.com;1997872958;1857 Lotheville Way;/luctus/cum/sociis/natoque/penatibus/et.aspx
Denny;diornsf@imdb.com;9744341756;7 Clove Point;/quis/augue.jpg
Lavena;ldaceyg@webeden.co.uk;3932615149;944 Old Gate Place;/felis/sed.png
Karney;kwoolvinh@godaddy.com;8445015919;72 Derek Court;/donec.jsp
Hercules;hbrobyni@creativecommons.org;5192395318;58 Rockefeller Point;/nec/sem/duis/aliquam/convallis/nunc.json
Shari;salfonsoj@surveymonkey.com;3925829444;2 Merchant Court;/est/phasellus/sit/amet/erat.jsp
Heall;hnussgenk@gravatar.com;7616065784;3705 Saint Paul Crossing;/nisl/duis/bibendum/felis/sed.xml
Casi;cbarffordl@yelp.com;4695841748;2989 Gulseth Avenue;/feugiat/et/eros/vestibulum/ac/est.json
Tiler;tmaryonm@feedburner.com;3689450912;142 David Parkway;/orci/luctus.png
Frederick;fmartinovicn@huffingtonpost.com;1687124707;351 Stoughton Point;/pede/venenatis/non/sodales/sed/tincidunt/eu.jpg
Odell;ospringthorpeo@amazon.co.uk;3407997763;72450 Grover Lane;/quam/suspendisse/potenti/nullam/porttitor.xml
Lizbeth;llanceleyp@oracle.com;3257048551;632 Prentice Place;/mattis/nibh/ligula/nec/sem/duis/aliquam.png
Gilbertine;gwilceq@nsw.gov.au;8287079835;78108 Ruskin Junction;/sit/amet/diam/in.json
Nevil;ncanadar@wikipedia.org;4159706995;83 John Wall Alley;/dolor/vel/est/donec/odio/justo/sollicitudin.jpg
Rheba;rhawkins@themeforest.net;7376661511;08472 Hansons Court;/nonummy/maecenas/tincidunt/lacus/at/velit/vivamus.jsp
Ailyn;afolkt@omniture.com;7741349666;17531 Pennsylvania Crossing;/pede/libero.png
Clemmie;cgreensteadu@senate.gov;3361670097;5368 Lakeland Avenue;/donec/ut/dolor/morbi.html
Codee;cwhatfordv@stanford.edu;9017279457;6 Mosinee Parkway;/eget.js
Fernande;fsainsburybrownw@cbslocal.com;7174004425;50019 Hansons Junction;/pulvinar/sed.json
Ingaberg;iloynsx@cpanel.net;7023726273;6 Moland Drive;/turpis/nec/euismod/scelerisque/quam/turpis.jpg
Reece;rcassely@live.com;7774185850;9596 Becker Junction;/cubilia/curae/donec/pharetra/magna/vestibulum/aliquet.xml
Lester;ltulipz@squidoo.com;7404623002;30 Almo Pass;/ipsum/primis/in/faucibus/orci.js
Irv;idoy10@un.org;5673609965;2213 Warbler Hill;/luctus/rutrum/nulla/tellus/in/sagittis.png
Stuart;smccaffrey11@dion.ne.jp;2199106312;0 Rockefeller Parkway;/leo/pellentesque/ultrices/mattis/odio/donec/vitae.jpg
Ashley;aosmund12@ox.ac.uk;7833584645;55 Novick Street;/justo/maecenas/rhoncus/aliquam.xml
Jameson;jitzkovwich13@gravatar.com;6223695695;89513 American Lane;/fringilla/rhoncus/mauris/enim/leo/rhoncus/sed.xml
Mechelle;mpedracci14@miitbeian.gov.cn;6133814703;8 Rusk Hill;/praesent/blandit/lacinia/erat/vestibulum.jsp
Aryn;ahawkslee15@gmpg.org;8987691591;79062 Stone Corner Crossing;/magnis/dis/parturient/montes/nascetur/ridiculus.jsp
Therese;tlaval16@google.ca;7746897831;0272 Bellgrove Trail;/at/turpis/a/pede.aspx
Austin;ahedden17@domainmarket.com;1185116375;7 Monument Lane;/ultrices.js
Hurley;hlittlejohns18@sogou.com;4303021673;5 7th Way;/quam/sapien/varius/ut/blandit.json
Noreen;nshyram19@typepad.com;9807103687;82062 Fremont Avenue;/mattis/pulvinar.xml
Cointon;crewcassell1a@yellowpages.com;5101606301;5 Talisman Lane;/nisl/duis/bibendum/felis.png
Lea;llumox1b@constantcontact.com;8486066131;14 Texas Junction;/dui/proin/leo.jsp
Latia;lbaud1c@amazonaws.com;3711519886;04410 Huxley Trail;/vestibulum/eget/vulputate.png
Manolo;mkroch1d@xrea.com;4388178030;7187 Parkside Park;/pharetra/magna/ac/consequat/metus.jsp
Aldridge;abodycombe1e@ucla.edu;2532433065;60 Nova Lane;/turpis/enim/blandit.aspx
Lydie;ltwitching1f@google.ru;4023820439;64 Maple Parkway;/aliquam/quis.js
Christabella;cpotter1g@360.cn;9566984640;59742 Jay Terrace;/cursus/urna/ut/tellus/nulla.html
Mathe;mmcauley1h@clickbank.net;6611068910;05 Stang Pass;/in/faucibus/orci/luctus/et.jsp
Waring;wsarjant1i@prnewswire.com;9772308399;360 Raven Parkway;/in/faucibus.jpg
Bernardo;bisaacs1j@nbcnews.com;9547413699;79 Marquette Drive;/dolor/vel/est/donec/odio.js
Ashla;asoldi1k@forbes.com;7699682228;45432 Sycamore Hill;/pharetra/magna/ac/consequat.png
Troy;tdadds1l@a8.net;9703516608;637 Thompson Way;/tortor/duis/mattis/egestas/metus/aenean/fermentum.aspx
Darice;dhopkynson1m@wikispaces.com;8856181602;487 Commercial Parkway;/ligula/in/lacus/curabitur/at/ipsum.html
Ketty;krault1n@smugmug.com;4401991880;15534 Waubesa Lane;/lectus/in/quam.xml
Germaine;gpeers1o@typepad.com;8753751091;257 Park Meadow Pass;/amet/sapien/dignissim.js
Kelby;kaseef1p@php.net;3432084163;085 Rigney Circle;/fusce/posuere/felis/sed/lacus.jsp
Zacharie;zciubutaro1q@globo.com;5953585370;1 Stuart Trail;/cras/pellentesque/volutpat/dui/maecenas/tristique/est.html
Beilul;boshea1r@scribd.com;6817410504;15253 Pankratz Plaza;/suscipit/nulla.html
Andee;agreatbank1s@home.pl;8712026432;032 Elgar Circle;/orci/nullam/molestie/nibh/in.png
Justis;jscoates1t@infoseek.co.jp;7527571595;780 Harbort Street;/parturient/montes/nascetur/ridiculus/mus.png
Stormie;srollett1u@purevolume.com;6687975941;2377 Longview Way;/dui/maecenas/tristique/est/et/tempus/semper.jpg
Eloisa;ejendrys1v@usatoday.com;4834728417;80959 Holmberg Lane;/justo/nec.jsp
Northrup;nfluin1w@altervista.org;7198821113;454 School Hill;/justo/aliquam/quis/turpis/eget.json
Margot;mflipsen1x@myspace.com;4579667207;38417 Weeping Birch Plaza;/ut/rhoncus.jsp
Noni;ngoodlife1y@va.gov;3954533769;416 Dunning Park;/augue.xml
Brennen;bmelland1z@gravatar.com;6958518543;79 Center Road;/id/luctus/nec/molestie.aspx
Hamnet;hrosenbloom20@blogger.com;4371481932;2 Buell Point;/nec/dui.jpg
Gwyn;ggossan21@hexun.com;1451842669;65064 Sherman Way;/pellentesque/eget/nunc/donec/quis.aspx
Cicily;cbeharrell22@mozilla.com;5787668105;2 Fairfield Avenue;/id/pretium/iaculis/diam/erat/fermentum.js
Knox;kseivertsen23@squidoo.com;2526668687;732 Hudson Place;/risus/semper/porta/volutpat/quam/pede/lobortis.aspx
Ceciley;cduling24@ocn.ne.jp;2586727676;97726 Ridgeway Alley;/faucibus/orci/luctus.xml
Libbie;lkeyzman25@mediafire.com;7796752893;7 Sachtjen Lane;/aenean/lectus/pellentesque/eget.json
Chiquita;cwakes26@narod.ru;8097890650;974 Fisk Center;/quis.jpg
Corette;calenin27@umn.edu;4812070045;406 Lawn Road;/turpis/sed/ante/vivamus/tortor/duis.xml
Wilow;wathow28@unc.edu;4784865210;9 Schurz Terrace;/sit/amet/nulla/quisque/arcu/libero.aspx
Allx;amaccartney29@unc.edu;4099731422;841 Novick Point;/porttitor/id.xml
Yvon;yshrawley2a@ebay.co.uk;9605688578;1451 Nobel Pass;/pede/justo.json
Anestassia;akitching2b@umn.edu;1193061802;2 Arkansas Plaza;/ut/massa/quis/augue/luctus/tincidunt/nulla.aspx
Demetrius;dpaolotto2c@cnbc.com;4655106071;36434 Corben Plaza;/vehicula/condimentum/curabitur/in/libero.html
Jana;johm2d@biglobe.ne.jp;8608908941;7 Utah Street;/dolor/quis/odio.js
Nicole;nbanker2e@free.fr;5978976028;5 Muir Junction;/ut/dolor/morbi/vel/lectus/in.aspx
Hester;htrenbey2f@hexun.com;4063594952;8 Tennessee Road;/venenatis/turpis/enim.js
Marti;matger2g@csmonitor.com;2196757575;0245 Service Way;/consequat/in/consequat/ut.json
Nanon;ndewdney2h@tmall.com;9291625562;34889 Anthes Hill;/a/pede.jsp
Margarette;mprosh2i@wordpress.com;1427282285;34 Larry Pass;/eu/pede.png
Garrek;gsawle2j@ustream.tv;8214232919;5 Acker Terrace;/leo/pellentesque.jpg
Inglis;istoffel2k@furl.net;1684659434;94939 Scofield Crossing;/placerat/ante.png
Marven;mcoldbreath2l@time.com;2824690545;05341 Algoma Avenue;/ligula/nec.xml
Jesus;jsibbald2m@imgur.com;9448109122;06439 Pine View Lane;/euismod/scelerisque.png
Osbert;oposselow2n@youku.com;2875543021;5 Forest Run Hill;/libero/quis/orci/nullam/molestie.jpg
Cara;chofer2o@geocities.com;9924556543;11 7th Junction;/potenti.jpg
Hedwig;hminty2p@homestead.com;2164238409;7 Ilene Crossing;/tincidunt/lacus/at/velit/vivamus.aspx
Maximilien;mbabalola2q@bandcamp.com;9248268014;29 Corben Point;/justo/in/blandit/ultrices/enim/lorem.json
Xenos;xbiford2r@desdev.cn;8893539625;380 Charing Cross Road;/aliquam/sit/amet/diam/in/magna.aspx
Paulette;prowesby2s@ask.com;5199758715;53 Scott Way;/et/magnis/dis/parturient.jsp
Eachelle;eroder2t@spotify.com;4051602278;7 Clove Plaza;/erat.xml
Ches;cstretton2u@sun.com;6429724348;4 Heath Plaza;/vel/ipsum/praesent/blandit.js
Nicole;nlaise2v@edublogs.org;3372072530;15 Eagle Crest Pass;/viverra/pede.png
Nichol;nbarringer2w@ca.gov;2457753254;2853 Oak Place;/lobortis/est/phasellus/sit/amet/erat.aspx
Dot;dwoollam2x@reddit.com;9365521694;41 Dahle Terrace;/et/eros/vestibulum.jpg
Julietta;jshoorbrooke2y@tuttocitta.it;2426992517;1517 Westridge Avenue;/sapien/in/sapien/iaculis/congue/vivamus.jpg
Garwood;gfowell2z@google.com;4803322486;75838 Forest Street;/lobortis/ligula/sit/amet/eleifend/pede/libero.jsp
Gilemette;growett30@bloglines.com;7788160881;7811 Oxford Crossing;/in/hac/habitasse/platea/dictumst.jpg
Cornie;cdriuzzi31@is.gd;3498364836;2749 Sunbrook Trail;/varius/ut/blandit/non.js
Chancey;cteece32@berkeley.edu;2082874255;047 Starling Lane;/mauris/enim/leo/rhoncus.jpg
Hayward;hleverton33@dot.gov;1157402268;291 Comanche Road;/curae/duis/faucibus/accumsan.aspx
Winona;wuttermare34@ox.ac.uk;4053025205;1 Mariners Cove Crossing;/sagittis/dui/vel/nisl/duis/ac.xml
June;jpitkins35@amazon.de;7664759387;51 Artisan Pass;/venenatis/lacinia/aenean/sit/amet/justo.js
Ranna;rvonhindenburg36@apache.org;6605305252;63618 Dahle Terrace;/arcu/adipiscing/molestie/hendrerit/at/vulputate.png
Markus;mmintoff37@ox.ac.uk;7959987988;34447 Pennsylvania Pass;/elementum/in/hac/habitasse.png
Constantine;cwroughton38@comcast.net;3617717932;32 Fuller Circle;/justo/aliquam/quis/turpis/eget.aspx
Berty;bgirke39@answers.com;9781470835;8036 Schmedeman Court;/vestibulum/ante/ipsum.jpg
Caldwell;cmathwin3a@zdnet.com;6678598174;1929 Golf View Alley;/suspendisse/potenti/cras/in/purus/eu/magna.html
Moreen;mmorphey3b@kickstarter.com;6402741894;9205 Thackeray Plaza;/nulla/sed/vel/enim/sit/amet.html
Jodie;jboutwell3c@live.com;5508561833;8 Elka Junction;/maecenas/tincidunt.json
Faina;fkleinpeltz3d@clickbank.net;8442030348;370 Raven Terrace;/massa/quis/augue.jpg
Kat;kchese3e@drupal.org;8616939941;3171 Sullivan Circle;/at/vulputate/vitae/nisl/aenean.json
Tersina;tdeeves3f@bloomberg.com;1567616842;82541 Kings Court;/curabitur/gravida/nisi/at/nibh/in.jpg
Kennan;kmoline3g@joomla.org;6759696789;58749 Oneill Parkway;/elementum/eu/interdum/eu/tincidunt.jsp
Loleta;lsilbermann3h@epa.gov;7763656706;52073 Di Loreto Crossing;/vel/dapibus/at/diam/nam.xml
Tove;tgabitis3i@biblegateway.com;2312107152;88112 Roth Center;/dapibus/nulla/suscipit/ligula/in/lacus.jsp
Susana;sregina3j@ustream.tv;2531678145;1 Linden Plaza;/tempus/vel/pede/morbi.xml
Maxine;mmanass3k@statcounter.com;2811636366;8329 Crowley Way;/ut/at/dolor/quis/odio/consequat/varius.jpg
Dag;dbradnam3l@hud.gov;4589736500;7 International Junction;/quisque/arcu/libero/rutrum/ac.js
Shelden;scretney3m@digg.com;7322562175;2 Kensington Terrace;/pede/malesuada/in.jpg
Fanchon;fbreckon3n@g.co;3324260542;53537 Lighthouse Bay Street;/sit/amet/consectetuer/adipiscing/elit/proin/risus.html
Rudolfo;rlinneman3o@slashdot.org;8483206041;01938 Northview Terrace;/turpis/eget/elit/sodales.jpg
Rosita;rtaggerty3p@biglobe.ne.jp;1413820165;657 Garrison Point;/in/purus/eu/magna.aspx
Marie-ann;magg3q@tmall.com;3606580388;53507 Pearson Plaza;/sed/tincidunt/eu.jpg
Quillan;qbarthelet3r@jimdo.com;8103581778;14 Norway Maple Park;/nam/congue/risus/semper.js
Casi;cgoldie3s@seattletimes.com;4152151979;23 Mcguire Trail;/vitae/mattis/nibh.js
Alfonse;anaulty3t@nytimes.com;7188071515;24494 Florence Place;/posuere/cubilia/curae/donec/pharetra.aspx
Maddy;mmccrea3u@bbb.org;8636482222;8522 Lillian Parkway;/ante/vestibulum/ante/ipsum/primis.aspx
Lew;lquenell3v@hugedomains.com;8977654323;870 Waxwing Point;/tristique.xml
Mauricio;mamorts3w@google.co.uk;8966460238;937 Hagan Circle;/vel/ipsum/praesent/blandit.jpg
Doralynne;divushkin3x@gov.uk;8892360366;8467 Everett Plaza;/adipiscing/molestie.json
Gabbi;gturmell3y@addtoany.com;2452735224;00 Oak Place;/sapien/a.html
Geoffrey;griddle3z@1688.com;8359386970;57 Thackeray Avenue;/vestibulum/sed/magna/at/nunc/commodo/placerat.aspx
Flin;fmacclinton40@twitter.com;1673934724;48 3rd Pass;/lacinia/eget/tincidunt/eget/tempus/vel/pede.jpg
Rubina;rchapman41@theatlantic.com;6495909561;2 Brickson Park Junction;/vestibulum/ante/ipsum/primis/in.png
Renato;rkirwin42@jalbum.net;2255665436;446 Milwaukee Plaza;/ligula.js
Glyn;glitel43@ifeng.com;6743425264;74 Pierstorff Place;/nisi/vulputate.jpg
Margy;malloisi44@utexas.edu;1973562888;81724 Sutherland Lane;/cras/pellentesque/volutpat/dui/maecenas/tristique.jpg
Roi;rraper45@ezinearticles.com;2954734479;3 Spenser Way;/neque/aenean.jpg
Harlene;hcanero46@bravesites.com;2046250081;016 South Terrace;/tellus/semper/interdum/mauris/ullamcorper.jsp
Beret;baldren47@fotki.com;3946742723;998 Dawn Way;/commodo/placerat/praesent/blandit.html
Claresta;ctomasini48@state.gov;9741490886;8 Shelley Road;/elementum/pellentesque/quisque/porta/volutpat/erat/quisque.aspx
Matty;mmcritchie49@rambler.ru;3254022863;637 Lillian Road;/nunc/commodo/placerat/praesent/blandit/nam.json
Nerissa;nfilipponi4a@shareasale.com;8731274395;817 North Terrace;/nisi/volutpat.jpg
Sayres;smcnirlan4b@latimes.com;3137397826;04 Mayer Hill;/orci/mauris/lacinia/sapien/quis.html
Kincaid;kmillis4c@hubpages.com;3741380807;684 Mariners Cove Place;/eget/tincidunt/eget/tempus.jsp
Court;cwebermann4d@joomla.org;4473055128;1 Hauk Court;/dui/luctus/rutrum/nulla.png
Leticia;ldredge4e@360.cn;8991892301;7632 Butterfield Court;/fermentum/justo/nec/condimentum/neque.jsp
Madalyn;mpanyer4f@youtu.be;9244219233;82 Donald Alley;/maecenas/tristique/est.jpg
Ginny;gringwood4g@europa.eu;5409864599;901 Northview Way;/dolor/vel/est.xml
Dareen;dchampley4h@ted.com;7117311804;08582 Troy Road;/id/ornare/imperdiet/sapien/urna/pretium/nisl.jpg
Hermann;hfynan4i@dmoz.org;1634258869;06840 Main Plaza;/feugiat/non.js
Adelina;amattioli4j@sciencedirect.com;1772534395;99 Mesta Hill;/est/phasellus.json
Zacharia;zleffek4k@csmonitor.com;5555773892;754 Maple Wood Court;/iaculis/congue/vivamus/metus.js
Killie;kstansell4l@mayoclinic.com;5528666152;3384 Bunker Hill Center;/vivamus/tortor/duis/mattis/egestas.jsp
Cesaro;cbareford4m@com.com;8741311991;917 Lakewood Gardens Circle;/etiam/justo/etiam/pretium/iaculis/justo/in.aspx
Berti;bbabington4n@cornell.edu;6658132827;58648 Dwight Plaza;/nulla/suscipit/ligula/in/lacus/curabitur.jsp
Von;vaizikowitz4o@sogou.com;6734705009;3987 Rusk Avenue;/vel.jpg
Mychal;mcharpin4p@opera.com;4212527812;2 Kim Junction;/id/lobortis/convallis.js
Hermon;hdegiorgis4q@shutterfly.com;9215854646;4206 Loomis Circle;/sit/amet/turpis.png
Janela;jexroll4r@tinyurl.com;5341750939;9816 Oak Park;/luctus/rutrum/nulla/tellus.png
Tana;tlammertz4s@dedecms.com;4029629504;01232 Fordem Place;/nulla/suspendisse/potenti/cras/in/purus/eu.jsp
Emelina;ekettell4t@home.pl;2661759456;577 Prentice Pass;/odio/elementum/eu/interdum.png
Hervey;harnson4u@tiny.cc;9169805287;71 Gina Way;/commodo/vulputate/justo.jpg
Heath;hgoodman4v@whitehouse.gov;1392040703;83345 Utah Park;/felis/ut/at/dolor/quis.js
Janifer;jewart4w@liveinternet.ru;1897313897;256 Meadow Valley Hill;/mauris/enim/leo/rhoncus.js
Zia;zubsdell4x@economist.com;2267895659;27 Bayside Road;/integer/ac.js
Corbett;cshortt4y@dmoz.org;5109809474;00810 Rigney Point;/viverra/dapibus/nulla.aspx
Madel;mclimo4z@imdb.com;3309797299;75 Merry Circle;/suspendisse.jsp
Angel;abomfield50@csmonitor.com;9926666565;5 Atwood Point;/tempor/convallis/nulla/neque.html
Ginevra;gsthill51@discuz.net;7299982016;40 Stang Road;/odio/in.aspx
Nicolea;nhoovart52@lulu.com;4371041458;949 Claremont Way;/tellus/nisi/eu/orci/mauris/lacinia.xml
Guillema;gcarder53@163.com;2544662598;2767 Valley Edge Plaza;/id/justo.js
Orran;osaxon54@goo.ne.jp;1759941486;45 Ohio Way;/nisl/nunc/rhoncus/dui/vel/sem/sed.jsp
Ingmar;igarvill55@youtu.be;8931187148;383 Porter Circle;/sit/amet/sapien/dignissim.aspx
Merilee;myurchishin56@clickbank.net;9419077722;649 Farmco Lane;/turpis/eget/elit/sodales/scelerisque.jsp
Virgie;vdaber57@archive.org;1271477475;07711 Columbus Park;/sollicitudin.json
Consalve;cplet58@nationalgeographic.com;8108502791;08598 Ohio Court;/in/faucibus.json
Byrann;boflynn59@pen.io;8667205524;773 Mendota Hill;/porttitor/pede/justo/eu/massa/donec/dapibus.jsp
Bobby;blongman5a@nature.com;6868478073;121 Clemons Parkway;/natoque/penatibus/et/magnis/dis/parturient/montes.json
Urbano;umyring5b@tripod.com;6205750625;5490 Annamark Lane;/orci/eget/orci.aspx
Minor;mchristal5c@slideshare.net;4719728327;4 Prairie Rose Point;/sed/magna/at/nunc/commodo/placerat.jsp
Vicki;vcrenshaw5d@uiuc.edu;8032878034;7581 Northridge Parkway;/vestibulum/ante/ipsum/primis.png
Brandise;bvanschafflaer5e@dyndns.org;7577601510;52 Graceland Terrace;/elementum/in.html
Chrysler;cmaggiori5f@bloomberg.com;8624741618;4564 Maywood Center;/praesent/blandit/lacinia/erat/vestibulum.png
Mariellen;mjosovich5g@smugmug.com;2014216797;18 Monument Plaza;/lobortis/vel/dapibus/at/diam.jsp
Modesty;makred5h@timesonline.co.uk;4581426617;0850 Daystar Point;/faucibus/cursus/urna/ut/tellus/nulla/ut.aspx
Murry;mdaltry5i@wikia.com;7348399304;4 Bluestem Way;/libero/rutrum/ac/lobortis.xml
Rosmunda;rjacquemy5j@omniture.com;5734656412;4 Pepper Wood Alley;/augue/luctus/tincidunt/nulla/mollis/molestie/lorem.png
Cammy;ccousens5k@topsy.com;7419009987;783 Golden Leaf Court;/sed/accumsan/felis/ut/at/dolor/quis.js
Jilly;jmewrcik5l@networkadvertising.org;9837578960;2414 Buena Vista Hill;/nulla/neque/libero/convallis/eget.jsp
Elwin;ewaliszewski5m@shareasale.com;2187028274;9863 Pennsylvania Crossing;/sed/magna/at/nunc/commodo.html
Krystyna;kflahive5n@ucsd.edu;9535056513;2 Dorton Park;/nibh/in/lectus/pellentesque/at.jpg
Magdaia;mpaffett5o@adobe.com;1315910849;767 Linden Street;/volutpat/quam.html
Grace;gcollinson5p@hhs.gov;6598483565;154 Claremont Avenue;/morbi.jpg
Elianore;ebodleigh5q@taobao.com;2523463463;75 Eagan Hill;/eget/eros/elementum/pellentesque/quisque/porta/volutpat.js
Adore;adulake5r@cpanel.net;4782076601;57700 Towne Trail;/nec/euismod.js
Kailey;kvelden5s@discovery.com;5842588922;4 Steensland Alley;/morbi/a/ipsum.json
Tyrone;tkubin5t@miitbeian.gov.cn;3414546539;1 Dahle Street;/integer/a/nibh.html
Karolina;kbear5u@chicagotribune.com;8428414138;6 Forest Dale Avenue;/sem/praesent/id/massa/id/nisl/venenatis.jsp
Nathanael;nellicombe5v@indiegogo.com;3393902934;6958 Mccormick Point;/imperdiet/nullam/orci.aspx
Manon;mcarrack5w@timesonline.co.uk;1615062041;72313 Novick Court;/bibendum/felis/sed/interdum.xml
Bartholemy;bmalling5x@chicagotribune.com;8284395154;3089 Jenna Pass;/hac/habitasse.html
Talya;tbarnbrook5y@baidu.com;4759711262;11 Pennsylvania Junction;/potenti/nullam/porttitor/lacus.html
Eben;erillatt5z@yolasite.com;8879746666;2 Jana Place;/dictumst.html
Demetria;dkelinge60@elpais.com;7085505233;5 Meadow Vale Hill;/donec/odio/justo/sollicitudin/ut/suscipit.html
Dacie;ddumbreck61@ask.com;6969843598;950 Columbus Alley;/posuere/cubilia/curae/donec/pharetra.png
Marcelline;mkrol62@weather.com;7773325198;64850 Oxford Avenue;/urna/ut/tellus/nulla/ut/erat/id.png
Melvyn;mjendrach63@simplemachines.org;4925865995;12 Morning Parkway;/vitae/ipsum/aliquam/non/mauris.png
Billie;bsmolan64@w3.org;4406725040;24 Cherokee Road;/habitasse/platea/dictumst/etiam.js
Adrianne;askpsey65@discuz.net;5118619463;7714 South Terrace;/mauris/ullamcorper/purus/sit.html
Arty;apaddison66@squarespace.com;2556115856;00 Merrick Center;/sollicitudin/ut/suscipit/a/feugiat/et/eros.html
Adena;asannes67@nps.gov;4141056885;3 Sage Terrace;/leo/rhoncus/sed.aspx
Devina;dparysowna68@networkadvertising.org;3433920381;98 Algoma Parkway;/congue/etiam/justo/etiam/pretium/iaculis.xml
Hannis;hchaffe69@house.gov;7761380090;73045 Duke Crossing;/placerat/praesent.aspx
Millie;mentreis6a@hugedomains.com;6668764331;097 Bunker Hill Crossing;/ante.aspx
Lynett;lhubbis6b@nyu.edu;4761883840;5015 Fair Oaks Plaza;/in/imperdiet/et/commodo/vulputate/justo.json
Barr;bfishby6c@biglobe.ne.jp;9982560915;35 Doe Crossing Terrace;/metus/arcu/adipiscing/molestie/hendrerit.json
Winnie;wyurlov6d@furl.net;4135345321;4 Clyde Gallagher Park;/leo/pellentesque/ultrices/mattis/odio.aspx
Dore;dbuie6e@jalbum.net;3479313226;59447 Cordelia Drive;/adipiscing/lorem/vitae/mattis/nibh/ligula.jpg
Myrtle;msimao6f@cdbaby.com;4817765957;664 Buena Vista Road;/sodales/sed/tincidunt/eu/felis.json
Kirsteni;kdunrige6g@latimes.com;1993221042;9 Cordelia Drive;/arcu/sed/augue.xml
Bethanne;bbrownsea6h@seesaa.net;5783646598;0 Crescent Oaks Alley;/nulla/neque/libero/convallis/eget/eleifend.xml
Viola;vmalkinson6i@blogs.com;1177037663;922 Mariners Cove Road;/non/velit/nec/nisi/vulputate/nonummy/maecenas.xml
Conney;cmanicom6j@squarespace.com;9234407388;63599 Pepper Wood Road;/morbi.json
Morley;mbudnik6k@jalbum.net;3721220563;2832 Sunbrook Junction;/odio/consequat/varius/integer/ac/leo/pellentesque.html
Loren;lcollingdon6l@google.ru;6199342640;3046 Kipling Avenue;/mauris/enim/leo/rhoncus/sed/vestibulum.xml
Marshal;mfroude6m@paypal.com;6547561489;45 Haas Center;/curae/mauris.json
Karney;kdickins6n@multiply.com;8183886577;8973 Holy Cross Park;/dis/parturient/montes/nascetur/ridiculus/mus/vivamus.png
Raquel;rmatas6o@yelp.com;5314265703;7 High Crossing Pass;/ridiculus/mus/etiam/vel/augue/vestibulum/rutrum.aspx
Kirsten;kservante6p@naver.com;8151000864;074 Harbort Alley;/pellentesque/ultrices/mattis/odio.js
Kai;ksnoddy6q@chronoengine.com;3244758920;87 Blue Bill Park Drive;/id/lobortis/convallis/tortor/risus.jsp
Janeen;jmckeating6r@addtoany.com;3612930003;862 Armistice Place;/sed/augue.jsp
Violante;vphizackarley6s@uiuc.edu;8058537575;412 1st Court;/potenti.aspx
Hermon;hludewig6t@netscape.com;4576016724;68 Maryland Junction;/condimentum/id/luctus/nec/molestie/sed/justo.jsp
Erv;eshaves6u@mozilla.org;5365286377;61 Aberg Alley;/aliquam/non/mauris/morbi/non.aspx
Arabelle;amullender6v@drupal.org;9716456165;24583 Morning Park;/aliquam/convallis/nunc/proin.js
Averell;abroggio6w@fotki.com;1246781059;65 Crowley Place;/pretium/quis/lectus/suspendisse/potenti.json
Emilie;emoggach6x@kickstarter.com;4616750457;1741 Di Loreto Center;/integer/tincidunt/ante/vel/ipsum/praesent/blandit.js
Shaylah;sgulc6y@tinyurl.com;1043403335;4928 Elmside Place;/maecenas/tristique/est/et/tempus/semper/est.json
Marne;mgoldster6z@walmart.com;3155411996;40 Melvin Alley;/amet/cursus/id/turpis/integer/aliquet/massa.xml
Sari;sivan70@pcworld.com;3242881728;13 Southridge Crossing;/nullam/porttitor/lacus/at.png
Reinhold;rfurmedge71@canalblog.com;3847875254;1 Vermont Street;/rutrum/nulla/tellus/in/sagittis.jpg
Angela;ajessup72@networksolutions.com;8534645260;57 Forster Trail;/vestibulum.png
Prudence;pjakubovitch73@economist.com;2567590768;38368 Lakewood Terrace;/non/pretium/quis.aspx
Melicent;mlegon74@merriam-webster.com;7915867174;45 Gerald Point;/risus/semper/porta/volutpat.jpg
Loy;ldepper75@yellowpages.com;8043062786;23548 Pankratz Avenue;/est/quam/pharetra.jsp
Arin;asheekey76@timesonline.co.uk;9619874090;418 Onsgard Terrace;/at/velit/vivamus.aspx
Josi;jroskeilly77@cpanel.net;9665964400;16 Chive Plaza;/lobortis/convallis.js
Isabelita;iweatherall78@opensource.org;2248742919;78943 Bobwhite Park;/non/velit/donec/diam.xml
Doreen;dmagor79@themeforest.net;2326876357;64 Comanche Parkway;/donec/pharetra/magna/vestibulum/aliquet/ultrices.jpg
Sadye;snuth7a@whitehouse.gov;1321920188;988 Clyde Gallagher Junction;/tempus/vel.json
Justen;jmillbank7b@shinystat.com;2232173004;516 Porter Alley;/etiam/faucibus/cursus/urna/ut/tellus.png
Karlens;kcurme7c@ocn.ne.jp;3887182122;26310 Tennessee Parkway;/nulla.aspx
Melly;mwidocks7d@ted.com;2131412759;17730 Maywood Pass;/luctus/tincidunt.json
Morie;muc7e@joomla.org;2965097814;3 Roth Place;/placerat.html
Sanson;sstirzaker7f@soundcloud.com;7606044287;44 International Terrace;/curae/donec/pharetra/magna.js
Mick;mlosty7g@unblog.fr;3342808821;6685 Kim Hill;/nulla/suspendisse/potenti/cras.aspx
Kara;ktomalin7h@yahoo.co.jp;1281977934;6 Mosinee Lane;/tincidunt.xml
Hillyer;hdarwent7i@unesco.org;8109133496;570 Elmside Way;/nulla/elit/ac/nulla/sed.jpg
Lu;lreichelt7j@alexa.com;2543801823;4126 Judy Road;/curabitur/convallis/duis.jsp
Ailyn;aorrum7k@friendfeed.com;9471990820;048 Schiller Park;/proin/at/turpis.aspx
Zollie;zgore7l@toplist.cz;6036117067;907 Elka Center;/consequat/lectus/in/est.aspx
Tiffie;teyers7m@cnet.com;1737457053;9 Toban Alley;/pharetra/magna/ac/consequat/metus/sapien/ut.json
Joseph;jwinkless7n@vinaora.com;5202174509;156 Schiller Crossing;/lorem/quisque/ut/erat/curabitur.png
Gavrielle;gmeni7o@unesco.org;3273072257;08209 Fisk Alley;/in/hac/habitasse.jpg
Shermie;smueller7p@ustream.tv;3724864310;6 Northview Avenue;/praesent/lectus/vestibulum/quam/sapien.png
Dennison;dmcnirlan7q@fda.gov;4816579799;9454 Pond Way;/ullamcorper/augue/a/suscipit/nulla.aspx
Obadiah;omerwede7r@unesco.org;9578956417;7 Namekagon Alley;/sapien/sapien.json
Lester;llamcken7s@china.com.cn;8564484073;3 Main Place;/aenean/sit/amet/justo/morbi/ut.png
Miran;msonner7t@t-online.de;2007185927;5876 Armistice Street;/pellentesque/eget/nunc/donec.js
Ibbie;iponsford7u@surveymonkey.com;9126531923;734 Mosinee Pass;/et/commodo/vulputate/justo/in/blandit.html
Kayne;kbane7v@tripadvisor.com;1961073166;5891 Steensland Way;/diam/erat/fermentum.aspx
Loria;lbenjamin7w@seesaa.net;3362365258;60881 Ludington Circle;/cubilia/curae/duis/faucibus/accumsan/odio.png
Cos;cpeasby7x@mediafire.com;2708305679;6 Melody Alley;/ligula/nec/sem/duis/aliquam/convallis/nunc.aspx
Jo;jwimpenny7y@cbslocal.com;9745439071;6401 Heffernan Place;/volutpat/dui/maecenas/tristique/est/et.json
Shermy;sbaythorp7z@wunderground.com;5371799516;90 Garrison Parkway;/pellentesque/at/nulla/suspendisse/potenti/cras/in.png
Rey;rcattellion80@ft.com;9641549029;46249 Nancy Crossing;/vulputate.jsp
Viv;vpavlenko81@dell.com;5931482287;89821 Hoard Crossing;/et/tempus/semper/est/quam/pharetra/magna.html
Jude;jchappel82@blogspot.com;5094052531;262 Sachs Way;/nec/dui/luctus/rutrum/nulla.json
Colby;csyratt83@cdc.gov;8588141294;48 Hauk Trail;/suscipit/a/feugiat.json
Hollyanne;hmoulden84@macromedia.com;1691360127;1698 Fremont Street;/iaculis/diam.js
Baudoin;bdufour85@a8.net;7751434013;62 Debs Crossing;/laoreet/ut/rhoncus/aliquet.html
Ethelind;efane86@nature.com;9312374794;7462 Declaration Circle;/sed/vestibulum/sit.png
Saraann;swebby87@tinyurl.com;9905745524;45134 Brickson Park Alley;/integer/aliquet/massa/id/lobortis.jpg
Holly;hpordall88@4shared.com;6099983745;85588 Eagan Street;/aenean/sit/amet/justo/morbi/ut.json
Elane;ecapener89@desdev.cn;5002907996;3 Coolidge Alley;/id/luctus/nec/molestie/sed/justo.jpg
Cindee;crosterne8a@wufoo.com;8936470388;343 Warrior Park;/sociis.aspx
Linzy;lcraster8b@wufoo.com;4139720732;1 Fisk Point;/donec/posuere/metus/vitae/ipsum/aliquam/non.html
Gerardo;gcersey8c@example.com;9275779996;4426 Everett Hill;/integer.aspx
Barn;bfacer8d@storify.com;5296041839;92 Lien Park;/lacinia/nisi/venenatis/tristique.js
Izaak;ihollidge8e@boston.com;5003943811;4 Scoville Park;/iaculis/justo/in/hac/habitasse/platea/dictumst.html
Brook;bkleinzweig8f@constantcontact.com;8711899467;33543 Arrowood Terrace;/quis.json
Geoff;gdockery8g@twitpic.com;6056564047;60339 Lakewood Gardens Center;/vel/augue/vestibulum/rutrum/rutrum/neque/aenean.json
Hodge;hjilliss8h@linkedin.com;9358216177;7671 Hudson Trail;/sed.png
Olag;oballard8i@ca.gov;9901547159;18 Russell Lane;/ultrices/aliquet/maecenas/leo.aspx
Katine;kspatoni8j@mapy.cz;9296676286;7766 Lunder Road;/hendrerit.aspx
Ambros;ascroxton8k@mapy.cz;4658803860;611 Esker Road;/lectus/pellentesque.jsp
Tabby;tcars8l@naver.com;5011615166;49859 Vermont Street;/dui/nec/nisi/volutpat.html
Julina;jdaysh8m@networksolutions.com;9512831538;37321 Hovde Court;/natoque/penatibus.jsp
Hedy;hbullon8n@google.com.au;3041328356;2061 Mallard Crossing;/in/eleifend/quam/a.js
Colette;crallinshaw8o@smugmug.com;8433004343;815 Grayhawk Junction;/porttitor/pede/justo.png
Scott;srodge8p@fotki.com;9954168709;38295 Dexter Road;/tortor/quis/turpis.js
Starlin;strewhella8q@amazon.com;4445105889;89 Truax Junction;/ornare/consequat/lectus/in.js
Gwyn;gblazi8r@spiegel.de;2092989798;31 Lakeland Hill;/vitae/ipsum/aliquam/non/mauris/morbi.jpg
Norene;nliptrot8s@t.co;5097810473;56 Scoville Road;/ac/leo/pellentesque/ultrices/mattis.html
Cornell;czute8t@rakuten.co.jp;1595354127;86360 Independence Lane;/volutpat/sapien/arcu/sed/augue/aliquam.xml
Jonis;jeasseby8u@omniture.com;5512308579;95 Maywood Plaza;/vestibulum/ac/est/lacinia/nisi/venenatis.html
Danita;dyegorovnin8v@simplemachines.org;7807209206;92 Grim Drive;/est/et/tempus/semper/est/quam/pharetra.png
Tansy;tbusson8w@rambler.ru;2106548052;93 Almo Junction;/blandit.json
Kale;ktedder8x@slashdot.org;3332886630;2540 Carioca Circle;/hac/habitasse/platea/dictumst.xml
Brooks;bsanter8y@comsenz.com;6408445325;3 Texas Place;/in/hac/habitasse/platea.html
Nadia;ntremlett8z@tiny.cc;9405957497;963 Dovetail Pass;/ligula/in/lacus/curabitur/at.xml
Penelope;pboase90@tinyurl.com;7846791885;373 Eastwood Alley;/aliquet/pulvinar/sed/nisl/nunc/rhoncus.xml
Lawrence;lbenoy91@cargocollective.com;7841842242;33 Lukken Way;/vivamus/tortor/duis/mattis/egestas/metus.json
Gena;gmccay92@loc.gov;9672165929;9 Oneill Parkway;/eget/orci/vehicula/condimentum/curabitur/in.js
Grissel;gvere93@irs.gov;5579590723;8 Pine View Street;/iaculis/congue.aspx
Maye;megarr94@home.pl;1135891947;0273 Ramsey Court;/donec.png
Nichol;norritt95@csmonitor.com;4119692135;8 Sachtjen Trail;/elit/proin/interdum/mauris/non.jsp
Angil;apaliser96@histats.com;3793865500;51 Ridgeway Circle;/dapibus/at/diam/nam.html
Giusto;glansbury97@spotify.com;3474003443;4927 Northport Point;/sed/magna/at/nunc/commodo/placerat.aspx
Ethyl;ekordt98@google.es;3789724193;4 Birchwood Trail;/amet/consectetuer/adipiscing/elit/proin.xml
Hillard;hosanne99@reddit.com;6079984642;6553 Oneill Place;/ac/neque/duis/bibendum/morbi/non/quam.jsp
Diego;drubinshtein9a@netlog.com;3106555477;23189 Melody Circle;/sapien/placerat/ante/nulla/justo.jsp
Drusi;dahrend9b@e-recht24.de;5159887397;6725 Farragut Terrace;/tincidunt/ante/vel/ipsum/praesent.jsp
Blake;bwarin9c@hibu.com;4081264637;5 Coleman Avenue;/odio/justo/sollicitudin/ut/suscipit/a.jpg
Carmela;croote9d@posterous.com;4244733644;726 Lakeland Court;/quis/lectus/suspendisse.xml
Daisey;dbackshaw9e@hhs.gov;4692787743;0 Everett Drive;/dapibus/duis.xml
Perl;pfransemai9f@themeforest.net;7563451784;18932 Gateway Lane;/proin/interdum/mauris/non/ligula/pellentesque/ultrices.png
Billy;bgoter9g@ihg.com;5956708916;09 Rigney Crossing;/lacinia/nisi/venenatis/tristique/fusce/congue.xml
Wye;waris9h@simplemachines.org;2529058119;600 Logan Drive;/donec/posuere/metus/vitae/ipsum/aliquam/non.json
Lorenzo;lhanratty9i@yellowpages.com;6123503322;2 Bonner Trail;/elit/proin/interdum/mauris/non/ligula.png
Carmelle;cech9j@bizjournals.com;7472105453;3934 Leroy Court;/amet/lobortis/sapien/sapien/non/mi.jpg
Drusie;dcoonihan9k@prnewswire.com;7822715093;42 Sage Place;/elementum/ligula.png
Blakeley;btanzig9l@yandex.ru;8732620772;591 Express Street;/in/purus/eu/magna.jsp
Sandye;sflecknell9m@cmu.edu;2965355994;7766 Esker Place;/potenti/in/eleifend.xml
Gilli;gashburner9n@gravatar.com;7966556222;37 Jay Point;/justo/morbi/ut/odio/cras.html
Katrina;kbarkly9o@discuz.net;3287019897;32592 Cody Circle;/velit/eu/est.aspx
Noell;ncahey9p@dell.com;9979223308;947 Prairie Rose Point;/in/hac/habitasse/platea/dictumst.json
Madison;mrosson9q@github.io;6995467417;7 Old Shore Point;/morbi/odio/odio/elementum.js
Bari;bcantwell9r@sciencedaily.com;5712721071;3437 Clarendon Pass;/enim.xml
Patrice;prollings9s@qq.com;3402522350;7 Paget Way;/donec.png
Jacobo;jtweddle9t@businesswire.com;3416385957;93720 Bonner Place;/volutpat/erat/quisque/erat/eros/viverra/eget.aspx
Florentia;ftwinbrow9u@twitpic.com;3848317756;72747 1st Hill;/suscipit/ligula/in/lacus/curabitur/at.json
Veda;vferreo9v@bigcartel.com;1565797993;443 Stoughton Point;/in/lacus.jpg
Ginnifer;gcavendish9w@ox.ac.uk;6774937863;0 Anthes Way;/pharetra/magna/ac.xml
Seward;sdyble9x@usatoday.com;6404163423;1924 School Junction;/volutpat/erat.jpg
Petr;pdhooge9y@bing.com;8007547786;06125 Starling Lane;/viverra/eget/congue/eget/semper/rutrum.aspx
Sigvard;siglesia9z@abc.net.au;6943765032;7 Reinke Plaza;/lacus/at/turpis.png
Ulric;uwestleya0@elegantthemes.com;6556049485;1327 Delaware Court;/ipsum.jsp
Eben;eregisa1@addtoany.com;9141327122;48222 Kings Drive;/tellus/semper/interdum/mauris/ullamcorper/purus.jsp
Rebekkah;rgleadhella2@nps.gov;3857061501;924 Kinsman Parkway;/erat/volutpat/in.js
Yank;ydagostinoa3@netlog.com;8347119815;9258 Fairview Terrace;/semper/est/quam/pharetra/magna/ac/consequat.jpg
Dorie;dmasseya4@tripod.com;8753663174;850 Buena Vista Pass;/ut/suscipit/a/feugiat/et/eros/vestibulum.jpg
Arabela;apeatmana5@pinterest.com;4931850811;8 Calypso Plaza;/ultrices/vel.aspx
Ellissa;egoringa6@abc.net.au;7404326191;955 Sheridan Center;/augue/aliquam/erat.html
Bentlee;bbrandina7@trellian.com;5377532039;46 Bellgrove Park;/ut.xml
Cammi;cjakolevitcha8@unc.edu;4033442601;775 3rd Terrace;/in/porttitor/pede/justo/eu.png
Genni;gpasleya9@economist.com;1757759971;30 Melvin Lane;/in/lacus/curabitur.html
Halie;hdixeyaa@360.cn;7518480996;719 Shelley Point;/interdum.jsp
Jordanna;jbotlyab@goo.gl;7534909374;2 Milwaukee Point;/facilisi/cras/non/velit/nec/nisi/vulputate.aspx
Malorie;mhancillac@e-recht24.de;4802094955;42457 Loftsgordon Park;/duis.aspx
Michell;mlindleyad@theglobeandmail.com;1577590322;0 Kropf Way;/posuere/cubilia/curae/duis/faucibus/accumsan/odio.xml
Fleming;fdurbynae@elpais.com;5407677717;69934 Hanover Avenue;/porta/volutpat/erat/quisque/erat.html
Faunie;fcastrilloaf@theguardian.com;7902713009;709 Northport Parkway;/nulla/sed/accumsan/felis/ut/at.jsp
Daniel;dtresslerag@ucsd.edu;5926773970;12 Sutherland Trail;/nullam/sit/amet.js
Kelcy;koculliganah@bloglines.com;1927192512;0055 Linden Way;/quisque/ut/erat/curabitur/gravida.json
Devlin;dbelliniai@hhs.gov;6129931219;4 Ridge Oak Trail;/ac.jpg
Shermie;skwietekaj@ed.gov;2732181625;823 Main Way;/posuere/cubilia/curae.png
Moshe;mandreassenak@google.co.uk;3468291810;0 Hintze Road;/ut/dolor/morbi/vel/lectus/in/quam.xml
Gae;gpetkovical@youku.com;2275343570;1967 Dovetail Trail;/cras/mi/pede/malesuada/in/imperdiet.json
Ilse;imathersam@techcrunch.com;7855007360;394 Meadow Valley Junction;/vel.json
Karna;ktheyeran@marriott.com;5125956871;587 Talisman Circle;/nam/tristique.js
Oliver;osmullinao@forbes.com;2207746620;405 Aberg Crossing;/semper/porta/volutpat/quam/pede/lobortis.json
Georgena;gkerleyap@yelp.com;5982424646;92 Pond Lane;/in/felis/eu.html
Donnamarie;dsnareaq@wp.com;4541112589;39537 Butterfield Avenue;/ipsum/dolor/sit/amet.jpg
Michel;mvallentinar@tuttocitta.it;5961098141;0950 Monterey Court;/tempus/vivamus/in/felis.js
Jennee;jdawidowitzas@unesco.org;2174436534;50015 Tennyson Alley;/magna/ac/consequat/metus/sapien.jpg
Marysa;mcundeyat@exblog.jp;1544109831;46242 Scott Place;/vivamus/tortor/duis/mattis/egestas.jsp
Aleksandr;agollyau@smugmug.com;4729960748;81 Annamark Point;/nisl/duis.json
Nichole;npetroffav@weibo.com;9157390337;50 Ronald Regan Way;/a.jpg
Beniamino;biiannoneaw@google.de;4153304734;60 Lillian Avenue;/semper/rutrum/nulla/nunc/purus/phasellus.jsp
Jesse;janglishax@digg.com;5693554573;63762 Meadow Vale Hill;/integer.js
Brod;bkimblyay@cnet.com;6799502990;5 Oakridge Court;/eu/nibh/quisque/id/justo/sit/amet.js
Stuart;seshelbyaz@opensource.org;4717032372;45 Warbler Place;/non.jpg
Mae;mmoggachb0@meetup.com;3959164259;9048 Canary Circle;/lobortis/sapien/sapien/non/mi/integer/ac.jpg
Jon;jpeaseb1@tinypic.com;6548278660;0579 Fallview Pass;/mattis/nibh/ligula.png
Brit;bolifardb2@altervista.org;6665781891;8143 Dawn Lane;/lacus/at.jpg
Bev;bgambleb3@bravesites.com;8734541132;0 Buell Street;/blandit/non.jsp
Anatole;apriddieb4@woothemes.com;8694675858;88 Mcguire Drive;/nulla/pede.json
Lloyd;lmurtyb5@is.gd;6892884385;96 Caliangt Road;/eget/congue/eget/semper/rutrum/nulla.js
Ferdinand;fkippaxb6@mozilla.com;5271847613;25 Carioca Crossing;/nec/condimentum/neque/sapien.js
Dillon;dweekb7@friendfeed.com;6915213078;16 American Road;/vitae/quam/suspendisse/potenti/nullam/porttitor/lacus.png
Evangelia;edonnerb8@delicious.com;7121480923;671 Clemons Alley;/ridiculus/mus/vivamus/vestibulum.xml
Millicent;mchaferb9@about.com;6735450072;4 Anzinger Alley;/cum.aspx
Annice;aattfieldba@virginia.edu;6342292114;3366 Mockingbird Crossing;/potenti.xml
Madeleine;mpirreybb@example.com;4185411891;09 Goodland Lane;/aenean/fermentum.jsp
Beaufort;bsimakovbc@com.com;4828361522;26100 Ramsey Plaza;/ut.png
Roosevelt;rroebuckbd@bing.com;1038325009;81 Burrows Hill;/eget/rutrum/at/lorem/integer/tincidunt.xml
Michel;maldermanbe@biglobe.ne.jp;9976018843;459 Del Mar Place;/enim/leo/rhoncus/sed/vestibulum/sit/amet.xml
Robbie;raskawbf@cafepress.com;8253261223;9 Sunbrook Place;/imperdiet/sapien/urna/pretium/nisl/ut/volutpat.aspx
Pebrook;prutledgebg@washingtonpost.com;4975791566;7 Memorial Drive;/pharetra/magna/vestibulum/aliquet.png
Ammamaria;amahonybh@kickstarter.com;4889628743;29063 Clove Drive;/sed/nisl/nunc/rhoncus/dui/vel.jpg
Mikkel;mkimblingbi@plala.or.jp;8235254095;536 Clyde Gallagher Road;/rhoncus/dui.png
Del;dstukebj@myspace.com;5358877900;10451 Vidon Terrace;/feugiat/non/pretium/quis/lectus/suspendisse/potenti.jsp
Audrie;abeetlesbk@ow.ly;5607211518;1 Fremont Plaza;/non.jsp
Barnebas;bmasarratbl@reddit.com;3161270200;47 Merrick Plaza;/ipsum.aspx
Ike;ibasebm@dailymotion.com;6974686695;97 Westport Trail;/libero.jpg
Magdalena;msaziobn@barnesandnoble.com;4348947345;4 Luster Way;/amet/consectetuer/adipiscing/elit.xml
Maritsa;mgeddesbo@google.pl;1495010140;3 Northland Avenue;/tellus/nisi/eu/orci.json
Nelli;ntremainbp@ifeng.com;6566607439;5045 Pepper Wood Junction;/sit/amet/sapien/dignissim/vestibulum/vestibulum/ante.xml
Loni;llehuquetbq@is.gd;9327442754;9 Kingsford Plaza;/auctor/sed.aspx
Gabrila;gmewettbr@shutterfly.com;6334747337;43 Iowa Circle;/primis/in/faucibus/orci/luctus/et.js
Frank;fklimaszewskibs@networkadvertising.org;2033896260;3784 Scott Court;/blandit.jpg
Rudy;rmcilvoraybt@pbs.org;9191917358;7 Barby Trail;/nec/condimentum/neque/sapien/placerat.jsp
Jenilee;jantonognolibu@woothemes.com;2393052787;1 Gulseth Point;/eleifend/quam/a/odio/in.xml
Heall;hheyburnbv@bluehost.com;5938742107;01 Petterle Junction;/quisque.html
Helaine;hriversbw@ehow.com;7241102365;12 Granby Court;/sapien/dignissim/vestibulum/vestibulum/ante/ipsum/primis.xml
Alla;amcinilitybx@earthlink.net;2307959369;5 Waubesa Pass;/luctus/rutrum/nulla/tellus/in/sagittis.jsp
Mechelle;mbremmerby@mit.edu;8207819650;89 Morning Avenue;/primis/in/faucibus/orci/luctus/et/ultrices.html
Lesley;lrosenstengelbz@clickbank.net;7672359929;0 Kenwood Road;/eu/interdum/eu/tincidunt.xml
Briano;bosherinc0@state.tx.us;3735525986;4 Hayes Parkway;/justo/sit/amet.jsp
Eric;egrimec1@gnu.org;5141351058;3534 Waywood Park;/ridiculus/mus/etiam/vel/augue/vestibulum/rutrum.json
Bartolomeo;bfranssenic2@fda.gov;7519579604;0 Namekagon Point;/pede/malesuada/in/imperdiet/et/commodo/vulputate.xml
Emera;elaurensc3@cocolog-nifty.com;5892886732;18 Spenser Place;/vel/lectus/in/quam/fringilla.json
Ricardo;rstratiffc4@skype.com;6682212627;000 Lotheville Terrace;/aliquam/convallis/nunc/proin.jpg
Christiano;cfurberc5@shutterfly.com;7261047376;39 Maple Hill;/ultrices/phasellus/id/sapien/in/sapien.jsp
Nicki;ncluckiec6@state.gov;7611748821;655 Judy Junction;/commodo.jsp
Enid;emincherc7@google.com.au;4378602022;7119 Canary Pass;/ridiculus/mus/etiam/vel.html
Fidela;fdozdillc8@buzzfeed.com;1564554826;637 Glacier Hill Avenue;/id/lobortis/convallis/tortor/risus/dapibus.js
Taddeo;tscamerdenc9@yellowpages.com;3046221833;028 Arkansas Place;/posuere.html
Nertie;ntakkosca@harvard.edu;7974320684;8444 Dottie Road;/ipsum.json
Mariam;mheaslipcb@addthis.com;6213642100;7154 Dayton Crossing;/quam/nec/dui/luctus/rutrum/nulla.html
Moselle;msedcolecc@infoseek.co.jp;3343074371;29 Arapahoe Road;/dui/proin.jpg
Nowell;nnorsistercd@ovh.net;9798928774;694 Jackson Avenue;/convallis/tortor/risus.jpg
Veronique;vhinckesmance@goo.gl;8357181201;95499 Pleasure Plaza;/velit/vivamus/vel/nulla/eget.jpg
Ardath;adelacourcf@hp.com;6561356184;82 Algoma Plaza;/felis/ut/at/dolor/quis/odio/consequat.json
Koralle;kcloonancg@netscape.com;3716997586;2194 Swallow Junction;/iaculis/justo/in/hac/habitasse/platea/dictumst.jsp
Bear;bchoupinch@spotify.com;3441154529;35 Ludington Point;/in/sapien.xml
Lorens;lgailci@amazon.co.uk;3355684367;124 Cardinal Alley;/luctus/et/ultrices/posuere/cubilia/curae.html
Abdel;aoshielcj@bbb.org;4019797804;68 Moulton Hill;/metus/aenean/fermentum/donec/ut.json
Derron;dbattmanck@illinois.edu;3479923720;5 Bartelt Alley;/nec/molestie/sed.xml
Cilka;ckingmancl@virginia.edu;4193503261;8911 Hayes Hill;/dapibus.jsp
Faye;fpittfordcm@state.tx.us;6637045252;2267 Columbus Lane;/lobortis/convallis.xml
Olenolin;oickovicicn@ehow.com;9956581279;33965 Straubel Parkway;/ac/enim/in/tempor.png
Adolph;asteanco@ehow.com;5887801923;7481 Artisan Avenue;/ac/leo/pellentesque.aspx
Erastus;ecruddacecp@biglobe.ne.jp;8799071623;6 Dovetail Court;/potenti/cras.html
Norene;ncharringtoncq@skype.com;5362088829;12550 Dennis Junction;/donec/diam/neque/vestibulum/eget/vulputate.aspx
Wilt;wcrosfeldcr@umich.edu;3052941582;12 Manley Terrace;/ultrices.json
Ileane;isalliscs@google.ca;7383598495;4893 Fieldstone Point;/vitae/consectetuer/eget.jsp
Reed;rmingamect@wired.com;9273164956;8 Ramsey Lane;/nam/congue.json
Tremayne;twittiercu@tinyurl.com;6217181425;9311 Lakeland Lane;/enim.jsp
Pedro;pjenceycv@altervista.org;7868723747;39 Hallows Court;/eu.jsp
Waylen;wparamorcw@unc.edu;8199603267;92 Iowa Trail;/ut/at/dolor/quis/odio.json
Margarette;msendallcx@behance.net;1954909353;92195 Harper Drive;/dui/proin.json
Woodrow;weglesecy@miibeian.gov.cn;3444766779;06 Dahle Drive;/eu/mi.aspx
Tessy;tcheekcz@hao123.com;4761132256;4354 Cottonwood Trail;/a/ipsum/integer/a/nibh.aspx
Dawn;dseccombed0@blogger.com;7843649288;70 Goodland Street;/ac/nibh/fusce/lacus/purus/aliquet/at.jsp
Tonya;triltond1@technorati.com;3327294756;007 Scofield Lane;/nulla/sed/accumsan/felis/ut.aspx
Sofia;shensd2@gmpg.org;6288884279;89947 Red Cloud Plaza;/eu/est/congue/elementum/in/hac.json
Ravid;rocullinaned3@uiuc.edu;6247242606;042 Cottonwood Trail;/elementum/eu/interdum/eu.json
Britt;bklimschakd4@imdb.com;4532407553;59 Eastwood Circle;/habitasse/platea/dictumst/morbi.jsp
Gannon;gscurrerd5@zimbio.com;3968111590;2 High Crossing Plaza;/a/feugiat.html
Mada;mweldraked6@army.mil;3629208873;726 Knutson Point;/neque/vestibulum/eget/vulputate/ut/ultrices/vel.html
Sly;skentd7@nytimes.com;9068073818;9 Butterfield Street;/quam/a/odio/in/hac.html
Noach;nbolandd8@china.com.cn;3106813749;4 Randy Road;/quisque.js
Catrina;cbollerd9@example.com;6765258012;6 Leroy Hill;/at/dolor/quis/odio/consequat/varius.json
Ethelbert;esnaryda@ameblo.jp;5714004745;05833 Texas Road;/ut/mauris/eget/massa.html
Isabel;ihamsheredb@statcounter.com;7492193902;60 Scofield Center;/imperdiet/sapien.html
Bernardine;bgardendc@ezinearticles.com;2139952383;8 Westport Way;/convallis/morbi/odio/odio.jsp
Jerri;jpayndd@home.pl;3708441251;806 Crowley Plaza;/at/diam/nam/tristique/tortor/eu/pede.png
Travis;tbrandonide@webeden.co.uk;2313636638;43 Caliangt Park;/donec/semper/sapien/a/libero/nam/dui.aspx
Dore;droobottomdf@nsw.gov.au;9597487995;95704 Fordem Road;/ornare.jsp
Wildon;wgatesmandg@google.es;6845209207;7 Dennis Hill;/sit/amet/diam.jpg
Nicolas;nabramchikdh@gmpg.org;6499831742;32157 Prentice Street;/rhoncus/aliquam/lacus/morbi/quis.json
Ronica;rmathelydi@edublogs.org;6847799892;22 Clyde Gallagher Crossing;/nisi/vulputate/nonummy/maecenas.js
Kaile;kkellingtondj@skype.com;4316067721;37347 Pierstorff Park;/sed/lacus/morbi/sem/mauris.html
Virgina;vnewtondk@bluehost.com;8148277530;994 Russell Junction;/ut/nunc/vestibulum.jsp
Herbie;hbendelowdl@state.tx.us;4425860973;27 Atwood Drive;/blandit/nam/nulla/integer.xml
Belia;bcoltherddm@oaic.gov.au;3866911038;8756 Boyd Point;/quis/lectus/suspendisse.json
Corey;ckarppidn@baidu.com;3853440791;805 Memorial Street;/erat/vestibulum/sed.jpg
Henrieta;hkraledo@wix.com;6764705899;830 Jenna Road;/dui/maecenas/tristique/est/et/tempus/semper.jsp
Evaleen;eyanezdp@4shared.com;9201580815;896 Clyde Gallagher Parkway;/sed/justo/pellentesque/viverra/pede.html
Nichole;nmuggletondq@theguardian.com;2402317020;6 Muir Parkway;/adipiscing/molestie/hendrerit/at/vulputate.jsp
Rosabel;rrutleydr@shop-pro.jp;3829713812;8189 Shasta Drive;/consectetuer/adipiscing/elit/proin/interdum/mauris.xml
Madelin;mloveittds@nasa.gov;4875378200;2824 Sage Trail;/sapien/varius.jpg
Thor;tpilleydt@zdnet.com;8958311552;18935 Donald Point;/tellus/nulla/ut/erat/id/mauris/vulputate.aspx
Nedi;nannakindu@shinystat.com;6444284091;19 Di Loreto Drive;/dolor/sit/amet/consectetuer/adipiscing/elit.json
Emerson;ecolletdv@blogtalkradio.com;4043200302;9033 Quincy Crossing;/ac/tellus/semper/interdum.jpg
